"https://en.wikipedia.org/wiki/San_Juan,_Puerto_Rico"
"https://en.wikipedia.org/wiki/Kingston,_Jamaica"
https://en.wikipedia.org/wiki/Guatemala_City
https://en.wikipedia.org/wiki/Belize_City
https://en.wikipedia.org/wiki/San_Salvador
https://en.wikipedia.org/wiki/Tegucigalpa
https://en.wikipedia.org/wiki/Managua
https://en.wikipedia.org/wiki/Panama_City
"https://en.wikipedia.org/wiki/San_Jos%C3%A9,_Costa_Rica"
https://en.wikipedia.org/wiki/Barranquilla
https://en.wikipedia.org/wiki/Bogot%C3%A1
https://en.wikipedia.org/wiki/Quito
https://en.wikipedia.org/wiki/Guayaquil
https://en.wikipedia.org/wiki/Caracas
https://en.wikipedia.org/wiki/Paramaribo
"https://en.wikipedia.org/wiki/Georgetown,_Guyana"
https://en.wikipedia.org/wiki/Kuala_Lumpur
https://en.wikipedia.org/wiki/Jakarta
https://en.wikipedia.org/wiki/Cairns
https://en.wikipedia.org/wiki/Derry
https://en.wikipedia.org/wiki/Galway
https://en.wikipedia.org/wiki/Cork_(city)
https://en.wikipedia.org/wiki/Bergen
https://en.wikipedia.org/wiki/Gothenburg
https://en.wikipedia.org/wiki/Malm%C3%B6
https://en.wikipedia.org/wiki/Turku
https://en.wikipedia.org/wiki/Oulu
https://en.wikipedia.org/wiki/Chi%C8%99in%C4%83u
https://en.wikipedia.org/wiki/Podgorica
https://en.wikipedia.org/wiki/Pristina
https://en.wikipedia.org/wiki/Nuuk
https://en.wikipedia.org/wiki/Port_Moresby
